media,faltas_totais,num_avaliacoes,desvio_padrao,tendencia,disciplina_id,semestre,aprovado
7.9926419015578,5,5,2.404460046972835,1.2484354667762734,2,1,0
5.3974257708524185,3,4,0.09224970016566303,0.14864796155033488,10,1,1
7.861789492699067,5,3,2.721230154351119,-0.29700448818274205,18,1,0
11.012611485528629,1,2,2.7369321060486276,-0.3590850375623922,7,1,1
2.5502163378434943,6,2,3.100531293444458,2.6369936493851345,4,1,0
7.224652300893366,10,5,0.2982025747190833,2.9213216196031038,1,1,1
2.2252771634413513,9,6,1.3007332881069882,1.3776370700283849,8,1,0
9.555438802591189,7,2,1.7573460074630805,-1.7896847859876228,7,0,1
10.137131058635244,5,3,2.7791397321588183,2.2828070340915465,10,0,1
3.6879081572843297,5,1,1.2720138998874555,-2.3396884528339394,13,0,0
4.634493650287068,5,1,1.6153446842321633,-2.610646517346111,12,1,0
13.396329438791073,5,1,2.537405378805455,1.0842327093286013,12,1,0
5.872884344184007,8,1,0.6028701758617179,0.04919266044431225,16,0,0
7.215342483230156,4,1,2.763750952409864,-0.6795879221967756,18,1,1
7.457061616804136,7,2,3.9850147990316973,2.7925161077327623,5,0,0
5.01931373346207,11,1,2.6540070764322232,-2.969630496922688,14,1,0
9.174786287779957,2,6,1.301598792637071,1.4789484307081446,8,0,1
6.928972669638227,8,5,2.0105483724207684,0.4614233077581549,1,0,1
9.987094078156037,5,6,1.4806348010217776,-2.9072603008267954,17,1,0
17.417919633428046,5,1,1.5787658672378888,2.0652788443578682,3,1,1
5.342699481845763,4,1,0.5464853257681153,1.253465981460712,7,0,1
8.716493703140424,3,4,3.1931807158671006,0.8997835846665909,14,1,1
16.18587438321056,3,3,1.8623920725298406,0.25586780824545974,17,1,1
6.852248234771565,7,6,2.162540486440426,0.8245794089892393,16,0,0
13.433521666879233,3,2,0.10140297366183004,2.7758904880675503,9,1,1
4.772709121133532,5,5,2.951587666783074,0.32612431506840434,3,1,0
4.5383431622798565,2,1,1.2456532375651768,2.877063171729051,5,1,1
14.213830768062575,4,6,2.540374603470575,-2.728175941367733,10,1,1
10.016638142644148,10,5,2.1824671572637397,2.648788852659151,3,0,0
16.48561027129702,2,2,0.1558525292409345,0.7095233060273571,17,1,1
15.518004975511273,2,4,2.7715614347677575,-0.909980373280816,11,0,1
8.68713650744926,7,6,2.2474667685750944,-1.568418841257959,13,0,1
3.6499819013749217,6,1,3.388572576382359,-0.8705688572236765,14,0,0
11.175006209972578,8,2,3.8969928341376407,2.9755874521819745,5,0,1
7.614640200833259,4,6,2.80387652583648,-2.563421961814839,18,0,1
3.3015804902703962,7,6,2.8327247823327992,-0.109998072215308,12,1,0
5.979586470884607,5,5,3.2911614075067726,1.4652699416597876,3,0,1
8.403566285952397,6,5,0.17360313319269105,2.547859981341576,5,1,1
17.508840569905583,7,4,3.8348096296313847,-2.652816613453756,6,1,1
7.370561036751411,4,5,3.897579230664666,2.917264466877617,17,0,1
15.020720315311179,10,1,3.110409134940902,-0.11777950880187227,15,0,1
13.993252799617153,4,1,0.05468785930798914,-2.547845637885226,17,0,0
17.946189393182486,6,3,1.098927188103635,-1.7566341059516613,1,0,1
2.7503434846595187,1,2,2.081230803615173,1.633910350413836,18,1,0
17.48758024703717,5,6,2.8163190723968943,-1.7222150309465356,6,1,1
7.609400940905552,7,2,3.4494548349869807,2.6971237419458527,4,1,0
9.873860689272611,6,3,2.1490536668562803,-0.23928504609856782,16,0,1
13.162681179150908,7,5,0.6757402522886582,-1.3284579658082483,6,0,1
7.695863748351778,4,1,2.751138868384332,0.0699420812835676,11,0,1
2.041520390138345,6,4,1.4756545582790896,-0.22479170320111264,13,1,0
6.038991109504332,6,1,2.9496208243752764,-1.9062967291442516,7,0,0
3.427269259392899,5,2,0.34768115234969477,0.22263925091128645,2,0,0
8.90655273967487,4,3,3.9460609951719188,0.6346489161413231,1,0,1
4.445746226949312,3,1,0.32093498264656883,0.14706833742152803,8,0,0
3.7926224346888375,8,2,1.1199163746411367,1.6169575991516218,6,1,0
8.806983017862668,4,5,2.024415825437388,2.592086053541605,13,0,1
7.907687704158338,5,5,0.010843597657318682,-2.2998236151499123,15,1,1
14.7086311994634,6,3,0.26598506946711,1.4467238957403543,8,0,1
5.2260371207639125,5,5,2.3532267031802268,1.0978923805027945,8,0,0
16.39467912467477,6,5,3.6258884438581878,0.7454279754839526,6,1,1
13.688786188948823,10,4,2.279558739485266,1.5747521144441432,10,0,1
10.583701623753516,6,5,2.8801461461842974,0.846885797311784,4,1,1
11.584469836437224,6,2,2.344919328067189,0.035332073306795664,1,0,1
11.487406484141145,3,2,3.084986674078952,-0.7533877816774677,9,1,1
3.667951456828952,4,4,0.4986507248130674,2.525051295704234,8,0,0
2.8761862211525013,2,1,0.457069200222751,-0.5129724947782339,11,1,0
7.551251230339643,4,1,1.993471090957919,-0.48644730297271277,1,0,0
6.44139476207069,5,6,0.34139867231457544,2.9812455110756844,17,0,1
3.0732236382148397,4,5,1.5109037897606772,2.019388879753997,18,0,0
9.252621355968442,5,5,0.3020134552155569,1.519477324484705,10,1,0
10.4252554665487,7,5,2.3801959188016824,-0.9643725246228545,5,0,1
10.907545356533857,9,2,0.05200769404294414,-2.4869488148731915,16,0,1
12.286809017828052,6,4,2.496595631396536,-0.5435300868525577,9,1,1
5.512168401295339,6,2,0.08987723328046959,-1.3879358436903235,8,1,0
6.126202966931237,5,3,3.2903355036466957,0.17797007193048664,10,1,1
3.0748063986513614,4,3,3.6000745673924204,2.2433404653750912,8,1,0
12.640586792740088,5,4,3.8345087092528822,-1.8937744759262207,4,0,1
8.228729824671625,5,6,0.5400051096848277,-0.09747034840552349,4,0,1
11.521246891204077,3,2,1.8969492348014785,-0.9336976077346009,8,0,1
13.278808795023249,3,4,2.778785883417707,-1.3671291766202238,2,1,1
3.4653131732261464,5,3,2.9288995456382447,1.8393668871686986,5,1,0
17.68922880287981,5,1,0.7223013805093341,0.407671383315777,7,1,1
13.696378743332506,4,4,3.3781975941402815,-1.0853971605404662,10,0,1
11.540318055712849,2,5,2.1210605305396006,-0.35380702951103027,12,0,1
10.631860678005395,6,2,3.9613652533671084,-2.9985748585446927,13,0,1
16.921438550804048,1,5,3.0687531557245076,-0.588414518344547,12,0,1
6.346991537104065,3,1,0.9551085830732093,-2.337155321211632,14,1,1
6.740929927295841,2,6,0.18040270888129273,-2.343194407925309,4,1,0
14.767829154294134,8,4,3.3513029411329818,-1.616584825169886,13,1,1
4.824448512088132,4,1,2.0730414667055688,0.5836444345820464,17,0,1
10.243966789035614,6,4,2.3203448313512447,-2.4510789756134708,9,1,1
4.072238740524867,8,3,2.8936804547543398,-0.024745589527375156,6,0,1
12.932140218553535,6,2,2.175115631989597,2.1869572818440908,1,1,1
15.890572864824751,2,5,3.348053313454688,1.1848287700157023,10,1,1
14.04346623292226,3,2,0.5154794698937808,-0.9892868744451486,7,0,1
10.898907760636112,3,3,3.924744712109694,0.7908811621000105,2,1,1
15.098870727997468,2,1,3.8519680154359786,-0.9487670037678835,15,1,1
14.620911709931908,6,6,2.4836620710699084,-2.725547797124923,18,1,0
17.502045684571065,3,3,3.286051789629764,-0.7689988245676522,11,1,1
4.543012532428104,6,2,3.091291120067218,-1.6196779018113965,11,0,0
17.41178645504211,6,3,1.637336025260172,2.364595222074806,15,1,1
2.4981453261521818,10,3,3.18719131145611,-1.2349921599391327,3,1,0
9.704357624200801,3,6,0.9021605697749417,-2.0350471855308596,2,1,1
17.749622518446465,7,4,3.1194039555733992,-2.762287047909857,9,0,1
11.134472029506629,2,1,2.2385947339476564,-2.9413749154848983,1,1,1
16.120535773113602,5,2,3.2023467964363315,-1.7990985345311394,12,0,0
3.9875194676489496,11,4,2.3899034505277204,1.7029953205131712,3,0,0
13.70543234808531,1,4,0.6381787204527534,2.23070139955321,14,1,1
15.949324463569939,2,6,2.8768071130890553,-1.6292715520122076,9,0,1
5.192679214866322,2,1,3.361809625107734,-1.9548399805304781,5,1,0
14.283582209068484,4,2,1.9466757656988114,2.2405394284899636,2,1,1
6.429244755760825,6,4,3.636130082662564,-1.9219013467785482,12,1,0
4.895631243351836,7,6,2.6084929821217515,-1.1271116598213176,2,0,0
7.203041027595118,5,6,1.3235574519566877,-0.30733455701158174,12,1,1
9.190941363419803,6,4,1.8985235029992555,2.065022693815183,12,1,1
15.892340488212138,2,2,0.4918832341185069,-1.6132145254341204,1,0,1
4.880166999563576,2,4,0.5933728038483554,2.919780737753081,11,1,0
12.225919005048006,6,5,0.5741694481575714,2.63891875156105,8,1,1
13.693271597934022,4,2,1.4971870685591706,-2.8949040548276264,18,0,1
15.833741375280587,9,2,3.9976549030826662,-2.710727766836664,9,0,1
15.932055205396146,10,3,1.502689007526906,-1.2187843526383153,7,0,1
12.083339973266307,7,3,2.4137943735255116,1.0092767913300973,10,1,1
8.076572482867677,3,2,0.43567336738692575,-2.106048864178832,16,0,1
9.627127600658547,8,1,2.6187723257253928,-0.7195529463767683,4,0,1
5.112933170964816,7,6,2.8646026968927742,-1.3642559955987974,4,1,1
4.898389592554885,4,2,0.7409137861896387,2.506514935028264,4,1,0
10.803624674500188,6,1,2.5864236536914404,-1.951359343035737,10,1,1
10.906192926987476,7,2,0.6119352033142507,-1.5885864911880911,12,1,1
10.565729629482574,3,3,0.9277883844639017,-0.6545640245669118,2,1,1
13.1223128647615,6,2,1.3489085310216815,2.4331487539780436,13,1,1
12.32463740041147,7,4,0.9348483276417321,0.24007148762706354,6,1,1
10.527324584821365,8,4,0.35506957643107384,2.7699944157288794,15,0,1
8.551645648083262,2,4,3.9249454973772155,-0.1506807389626883,13,0,1
4.438656213286679,8,4,3.1281123506815436,1.2524681864578584,14,1,1
6.209801118573486,4,4,1.1188141538859169,2.6543221146133984,18,0,1
14.580415308113512,7,2,3.4722267604298014,1.8355524007057271,16,0,1
3.294708528820035,7,6,1.2549107647763842,0.6382256666002535,1,1,0
15.26931848226054,6,4,0.3198615774372078,1.660341782830156,13,0,1
9.032187018126562,4,3,1.5458433646365886,0.3866465440732947,2,1,1
9.753625392301835,5,4,1.2131005902703822,-2.39372513393612,16,1,1
10.150754050396635,7,4,1.6191937163407992,0.9244547722319885,3,0,1
9.706157544557797,4,5,0.07676910729222675,-1.4411207475297947,10,0,1
10.564962103241466,1,2,2.5171952240429447,-1.8068623333482245,5,0,1
7.942537082402252,4,6,0.600194658775937,-1.0519444386596402,18,1,0
11.825300978955777,4,1,3.771324565653047,1.8533007698179684,16,0,1
16.88510215740518,6,1,0.26660816224275985,0.11044813167122447,5,1,0
9.092369399097892,1,3,2.636142136814723,1.8127833487655245,3,1,1
10.137268631161255,10,2,0.08377984412365125,-2.5069699951414357,17,0,1
5.645478680689759,3,4,3.098535122551152,0.8634255212467838,18,1,0
6.685152587215436,7,2,0.8984624473754077,-0.7669978569749203,14,1,1
4.618940823444824,4,5,1.1436271569566405,1.8956816338117033,7,0,1
10.704265266924025,6,6,3.0127493436536112,-1.3840122101878496,13,1,1
12.964768257853974,3,4,2.9312061790650024,0.2534232329510897,1,1,1
3.6948914009358873,4,2,2.232169300595868,1.8705133011942596,12,0,0
6.446433555981885,8,1,2.2169060565280665,-2.968622318742524,12,0,1
13.992727751502212,7,4,2.888283752810948,2.317174682790447,3,1,1
8.60194945357798,1,6,0.6675404714194837,-1.9120843204469686,13,1,1
15.988199529763804,4,6,1.9463906489750125,0.5962137939776033,17,0,1
2.936814867903667,6,1,1.736077464695501,-2.4683974219222966,17,0,0
14.265416383546293,5,6,3.9645057272852147,1.4833175264522263,7,0,0
5.246981881198435,9,3,1.7186272509557403,2.2363815029076113,5,1,0
9.330990187806282,2,2,3.637560768033585,1.681278380580614,4,1,1
5.603579236295836,4,4,0.17837963349184616,-2.7822742643189873,7,0,1
14.594025641625665,5,4,0.13445440073313053,-2.6240807792678726,11,0,1
7.043032337557744,4,5,0.20903151714409507,-0.4872400855550314,14,0,1
17.67281344610811,4,5,2.4341090907858662,-0.9029617674790873,9,0,1
5.605070879219761,5,2,2.1701832135816916,1.7501999307201102,17,0,0
5.618352825439052,5,3,2.6038938686038167,0.272591216441433,15,1,1
7.6955739807176435,8,5,2.638517465578969,-2.030281132284771,14,0,0
10.96291613399859,5,2,1.991250032137161,-2.3671578002602165,18,0,1
17.431626462412986,7,6,2.13211546898456,-2.052271062987912,6,1,1
11.81557021822682,5,5,2.930540938803331,1.92226504469384,5,1,1
17.484094033654223,6,6,2.538685093015766,-2.00427062822529,6,1,1
4.59573449251967,2,1,3.2918337848859442,-1.7414823138979119,5,0,1
15.730832850514624,7,2,3.2770204194858445,2.2789314837101715,16,0,1
3.3948714853092987,7,1,3.3657902123390397,-0.1722769956110124,15,0,0
4.020235865032044,4,1,2.6211296387666327,2.950455703007033,3,1,0
5.4484779006613095,4,4,3.484817929052208,1.596388659211815,3,1,0
6.164589721056048,6,6,1.5216021958816386,2.860801971063956,14,0,1
2.6723948027424846,8,6,2.906683968281293,-1.1714934276832,15,1,0
13.258975639372732,3,4,1.2050610430400015,0.5901449057865529,3,0,1
13.891091179705654,6,5,3.352608734207698,-1.2882579698561014,12,0,1
14.626573545419703,6,1,2.6768010517523138,1.975720795900533,1,1,1
8.886838565135843,8,5,2.5584222447107274,1.0585581740303533,4,1,1
17.532259303596526,5,6,1.017566323367388,-0.8288814407691678,12,1,1
4.240385560853083,5,5,1.897153681725042,0.5452046476262491,6,0,1
5.505100945629724,1,2,1.8514078200634025,-0.36876906877538707,10,0,1
6.445153164507751,6,3,0.17941427209427463,-0.2964178861011959,14,0,1
8.749250856621302,8,3,0.008415372703533652,1.305432748389566,15,0,1
15.94556363661169,5,4,3.601285072297086,-0.5745616221347447,15,0,1
12.697162347566625,3,2,0.555485305586068,-2.3055743599277676,7,1,1
12.206033482618142,8,2,3.640538547128537,1.8481357794393176,6,1,1
15.629459789983162,5,3,1.8004934447277288,0.47559812292316117,9,0,1
16.23443252828106,1,6,2.8223434505752985,1.1304301109528208,7,1,1
8.88846941539532,4,4,1.5156411122352575,-2.9597376581756403,15,0,1
11.535821474935709,6,1,0.5622118703134431,-0.0864618020436132,3,0,1
3.588835244059087,5,5,1.156979087890618,2.4004990980988845,5,1,0
9.584102855730494,5,1,1.5420476189476893,-0.9576773744729659,4,0,1
10.859383765728179,6,1,2.0297854644789686,1.0643239291123008,12,0,1
7.556432624488121,5,1,2.938311692485653,-1.1970636863974058,5,0,1
2.631352526254389,8,3,2.197289917612696,-2.6535536887849576,9,1,0
17.513723629569526,5,4,1.1431342221034808,-1.7806614534834764,15,0,1
9.87720768001891,9,4,0.01267139432280695,0.8411898693577431,1,1,1
6.990385280068487,3,2,1.9073738732712684,1.1263322545833638,11,0,0
4.15096207052995,4,1,3.173576057221391,2.9432761966208005,18,1,0
3.436994468524384,0,3,2.95147807424612,2.0048675820040547,1,0,0
14.054846756111505,7,4,1.6284259565025105,-2.6039409351585503,3,1,1
14.931763360147555,5,2,3.1780621779629947,1.2425188636001891,2,1,1
12.669670736228285,4,3,0.08810768489526799,0.49954495473669347,7,0,1
5.5083833907820114,2,1,0.49168271386155027,2.3319544815923923,10,1,0
10.87451756856153,5,6,2.0806795692430047,-2.1427442319635297,8,1,1
4.537986312422047,5,1,2.044516556948919,-2.7188885488343812,6,0,1
15.429415877696037,0,5,3.7617940229446902,-2.503707230853879,11,0,1
6.3262925821524085,8,2,0.16916699689072479,0.38777430598357876,10,0,1
13.4087368101491,8,2,0.41923225999028846,-0.008575202965745099,7,1,1
9.615483696186494,3,1,0.7440920000226625,0.31241618792026715,4,0,1
7.938585836571869,6,4,2.9543898325293227,-1.1062359374199,12,1,1
13.411310132521884,4,6,3.128061339731869,0.26283436719742426,15,0,1
5.870222136866335,6,4,2.380526699622726,-2.940457073232986,11,0,0
10.30451648207278,7,3,1.5303212942825417,-0.7935980951693407,5,1,1
7.313589846290183,7,4,3.388243307935598,-2.8584302121268252,11,1,0
14.486017977135687,3,1,3.749513752657283,0.619750834289658,13,0,1
12.746276504736477,8,2,0.7833323365370801,-2.1551823066439435,10,0,1
4.351403353411355,7,4,2.155252036158476,-2.636226443601191,14,1,0
16.889708877544592,2,1,3.831736484227082,0.1779583436737191,15,1,1
12.873925323761725,4,5,1.83439177405536,0.36524678017570533,6,0,1
16.362794762847308,6,4,3.805719241447329,2.9689157637957067,12,0,1
16.710198473162762,2,6,0.7604305991349105,1.7555706977302998,2,0,0
10.343354219543551,6,1,0.6507989752342636,0.3905118747165375,12,0,1
14.550733728054682,4,2,2.058734468485756,1.849652637335626,5,0,1
9.694242345648144,6,5,1.926197361103417,0.8126618739571354,3,0,0
11.233961376613133,6,2,3.50942244882104,2.846233432075546,10,0,1
2.622879413210679,1,2,2.7181997085356335,-1.6506586991045251,4,0,0
11.013194272528747,5,2,3.570232909945898,-0.48331203625611874,4,0,1
9.960637634337635,4,4,2.544169875119873,-0.8138745694306078,15,0,1
8.550593149072293,8,4,1.7009127417507757,-2.7745734576065555,9,0,1
2.981295290292522,4,4,0.9216666484693996,-2.9911570674821313,15,1,0
5.588695732560721,8,6,1.347858902869826,2.997263512314566,4,0,1
14.199726151608848,5,2,3.1225268697022286,0.5026366830846696,11,1,1
6.2452182008874715,5,1,0.6883569171810375,2.83451999424062,2,1,1
3.571759875025288,4,2,3.228283615466812,-1.8285563822610478,13,1,0
17.65640749422625,8,4,1.5374201540965395,-2.848839516244624,3,1,1
11.85459065082754,6,5,2.0191823932181125,1.3107236839353007,6,1,1
14.800055708218903,4,4,2.500116744340823,-1.10070200839278,5,1,1
11.997985593711983,3,4,0.7476577624338465,-2.8812260499164735,11,0,1
11.940679184793762,4,6,0.33567814328571766,-0.999224438423937,5,0,1
7.982736752205017,7,5,1.3010156236982078,2.6476346894511096,9,0,1
9.201864423596977,5,4,1.690914547575729,-0.9208549922836906,12,0,1
5.285327019308797,6,5,3.7020888314075235,-2.589995370926375,9,1,0
9.32835538669214,5,1,2.8265194795148383,0.6600445024769144,9,0,1
11.56269252324325,7,6,2.500819078121769,-0.7586711937139086,13,1,1
8.169816205850369,8,2,0.03327976890876805,-0.39850324420431393,3,1,1
16.632778621576943,4,4,2.4531667395495163,0.826129481375613,10,1,1
3.4622637813084225,3,1,0.8576259319726582,-1.3751620317781645,16,1,0
9.343048265549125,9,6,1.5897926275963665,0.0816662792659475,14,1,1
7.937807014882045,8,5,3.4948916807289003,0.8277255761084326,6,1,1
10.560408073582925,6,6,2.010524970520522,-2.6629435359153657,4,1,1
14.23105164920807,4,5,3.146089529563388,2.6551878451207003,18,0,1
15.223809443132199,2,4,0.9998277855904849,0.09003395825833849,13,0,1
14.949190372564198,5,5,1.5709229730856649,0.32022713849863127,3,0,1
15.741068338690475,8,6,1.539214468884413,-0.06374130617597862,13,0,1
15.8075583837914,7,2,1.4170853088688626,-2.3679270931120007,4,1,1
11.724042929530441,2,3,1.3426953321562385,1.4963427168069536,8,0,1
8.65240165637315,6,6,2.3016375491445933,-2.8671511471642233,15,0,1
9.931260003710257,10,3,0.2761836252583989,-0.1544698741382784,15,0,1
13.01810606892601,1,4,2.7891016762154277,1.5158297644310164,16,0,1
7.3380543333898505,6,6,2.5910969318013684,-2.906950016240447,16,1,1
16.03760725012542,5,2,2.053472840899662,2.935306523746501,10,0,1
3.1200561941290523,5,3,3.7171536090482378,-0.7246407769173064,2,1,0
7.971858502067741,2,1,2.324060373500438,-0.4435741342434181,5,1,1
14.848033151325394,5,1,1.3878506389382337,-0.6554690860221775,17,1,1
11.55448489584483,7,3,0.7414911163300459,0.5986278898229878,2,1,1
13.589510501272635,5,6,3.184965802165474,-1.3683237634893075,6,0,1
17.025095671204667,5,4,3.295069583196492,-2.6211582424356523,15,0,1
14.173621294892508,3,4,0.8689235458120432,-0.21605921121344984,6,0,1
5.894346931496488,3,6,3.5524727557361433,-1.0482562898295134,7,1,0
3.509238820656698,9,3,0.9659859410274714,-2.7578950388418018,13,0,0
16.267373843243934,2,4,2.617368021970879,-1.6078909181471357,6,0,1
11.979889357824145,5,5,1.609339820949331,-0.6564383545093069,4,0,1
13.728057914053654,6,4,2.11070986488678,-1.7301846085808328,12,1,1
14.870624954839574,5,2,0.4402531368044609,2.550283052058087,12,0,1
12.308107578412985,6,6,1.8206879669346256,1.0065635496189174,14,1,1
12.966325495136092,1,4,1.8194897712114728,1.1142032576018632,6,0,1
17.25656156562414,6,3,0.20795740791082995,-2.8095374077620683,8,1,1
11.709551288642226,8,1,3.9889515996144107,-2.819843968023643,10,0,1
17.57412190663714,4,4,3.267895629087347,2.115284527475823,14,0,1
8.65948894152559,2,2,0.29928482077989216,-0.3692597084965312,3,0,1
17.48418344431299,5,4,3.3064733820099548,-0.8064257939761994,4,0,1
17.605972434342732,5,6,1.9381519803200433,-1.1854829323287817,14,1,1
9.65593786009539,3,4,1.95133727417605,-2.5063660543376285,10,0,1
6.510704686475666,6,5,3.9578045238602257,2.337115866262579,18,0,0
9.881105132052761,7,6,3.6131920575028422,2.3393023588409196,17,0,1
13.77983696214133,7,4,0.6612091445518451,2.125564733984014,3,0,1
16.451052461350866,8,3,3.380483405984139,1.7755583228610146,9,0,1
15.985148372882962,2,2,3.170379252836539,0.7639736105440678,13,0,1
9.333177513401207,4,6,2.439766234384207,2.5471348123913993,15,0,1
2.1029633839487314,11,1,2.0423230298382395,0.690774843247199,9,1,0
10.02041031401167,1,1,3.411927981322366,2.570301033817845,15,0,1
14.059745126848073,5,3,0.6939842014200881,-0.721490862484095,8,1,1
14.012314387376891,6,2,1.2721982902036748,1.4965560358848524,8,0,1
8.697316568503826,3,4,2.389169681413877,0.9203009908720836,6,1,0
17.154583406403965,5,1,2.8249846502210487,0.7361372456987847,14,0,1
7.439549820691971,3,1,3.741938054109983,-1.8856015679688862,16,1,0
2.988935371027562,3,6,1.7951152159784591,2.479396082528738,3,1,1
2.9615425660507224,5,3,0.2224220867218425,-2.958732226682104,12,0,0
8.579159822120733,7,6,3.76088322228514,0.6227819515745763,17,1,1
13.758813558318307,5,5,2.334420148032399,-0.6592785918699646,6,0,1
5.4865393320322156,2,3,2.266421035621852,0.9421829894046438,3,1,1
7.228715293724438,3,5,0.3026444156164434,-0.8307516074757686,13,1,1
3.0757468814489783,4,4,3.4924353710569105,1.7369537905443142,8,0,0
5.939906575529601,4,2,0.20139810787741297,-2.683408452842384,12,0,1
5.624346016577691,7,6,3.2228581026728715,-1.030923103214328,13,0,0
7.73335450674678,5,5,1.8364960931467236,-1.1802846549043025,3,1,1
16.93999076802352,3,4,0.9990886497860791,0.9249609257165905,18,1,1
16.849629368156585,5,3,0.3072121932576861,-0.872002770089503,4,0,1
15.338304167602757,4,4,1.652690068830878,1.0549375506244418,14,0,1
8.324149046898524,3,5,0.8803547074855462,0.10965705868587783,2,0,1
7.083115160754595,4,4,3.665682178128265,0.8124861411714592,16,0,1
7.037213269626381,3,6,0.5857450264112645,1.9975782934453683,6,1,0
8.900827301456234,6,4,0.8608179189327712,2.3061309027345214,3,1,1
17.653676592909704,9,3,3.12075707393198,2.9857369335083126,12,0,1
8.895742430733153,2,5,0.8907043164923398,-1.1567014978723746,2,0,1
9.076036424312946,5,3,2.409797767866351,-2.0218853171106828,3,0,1
15.35915529111046,6,3,1.6800162963256198,-2.9418787035541936,3,0,1
17.14809656277925,6,2,1.1009567241480331,1.2566331878038488,8,0,1
10.21092934010846,3,5,1.270218319478007,-1.4436695955408225,8,0,1
5.091990643746691,3,6,3.0098733503459774,-2.6922369061127065,5,0,1
8.31315704510278,5,4,2.9356215080074777,-0.9206474411007144,2,1,1
4.740719325146726,7,4,0.4884460636971517,-2.3331771160079255,6,1,0
14.648328164346776,3,6,2.1406093347214012,-2.507857888731175,4,0,0
2.48034131438515,3,3,2.311228201004339,2.1966092722670076,2,0,0
8.839783265444288,9,2,1.0143364679854767,-0.1742996473649132,11,1,1
12.43348899010641,5,2,2.6953555930800186,2.0813233465737166,12,0,1
11.507869236937555,6,4,3.772247589627886,-1.0570825505854116,9,1,1
2.9590928137809325,3,1,3.9876368743574213,-1.899285593098624,2,1,0
9.445390943031777,1,2,3.368062646026976,-0.10371916153839322,2,0,1
13.588072439986131,7,5,0.27757634361673356,-2.4607388895830358,18,1,1
16.67628906524289,4,5,3.6010564448082816,1.7531471688100568,1,0,1
17.134794304513385,1,3,0.326669103440385,2.545722424767967,8,0,1
2.259895091351259,5,4,3.6970170984124637,-0.23598102099906537,12,1,0
16.30824189210262,4,3,1.4263847039448225,-1.4731120102904385,8,0,0
11.051919209812628,4,4,0.9029108953565097,-0.6606015222535166,1,1,1
3.2966177674409085,4,4,2.330857797378726,1.8748429262650301,15,0,0
12.760116202778386,4,3,0.4782479910082258,0.43585711869350785,9,0,1
9.999343871436615,3,6,1.2301191819618253,-0.04767306370559643,13,1,1
5.616531148618433,5,3,3.329668733641011,2.852838169884131,15,0,1
2.769476966592567,6,4,3.5917411737749476,1.8595465218173963,15,1,0
16.523766930840203,14,2,1.6491189113266622,2.6083794929298056,13,0,1
11.275698658147073,4,3,2.632408872225968,2.9864963340612034,16,1,1
8.411266669351466,5,4,1.5877918917371714,-0.26770118711635416,10,0,1
17.273054861740974,5,1,0.6501519498748314,1.0537278575894593,4,0,1
13.171174890823997,2,5,2.3079264496707275,-0.9271148776593257,4,1,1
12.85427016804821,5,4,2.4576000297252953,0.14198049632766452,14,1,1
10.039854029230913,5,5,0.4973833657234814,2.250801711726913,13,1,1
2.6445683004479754,8,1,3.4954998220840734,-2.9225566321140484,1,0,0
9.037690235421358,5,5,3.6221553517156044,2.012235181705476,11,1,1
6.231549066675052,4,1,0.058268619005115596,-1.5156015176499253,14,0,0
5.527802230635988,3,5,3.054769077401282,0.14040822553204935,10,0,0
3.281691625753636,3,3,0.2046008224815905,-0.6132393544254109,13,0,0
8.124545606448649,3,5,2.2131625584920003,0.12269642499171596,3,1,1
6.129662866567495,7,6,1.81711358715929,-0.29060648036654957,18,1,0
14.743750229273292,3,6,2.737256995701379,2.693884002282008,18,1,1
10.875708852517668,1,1,0.22166355376897773,-1.0131210650151012,15,0,1
2.3840807175182217,2,3,3.87121095059394,0.29918507018638874,16,0,0
5.790783902347576,4,2,1.327945885730811,1.6897953483194827,13,1,0
12.359327051928735,9,3,1.3367708566924397,1.3852220746569621,1,0,1
3.087572797110459,8,4,2.7018241813457022,-0.6239942016863087,14,1,0
17.188369699929872,8,3,1.3994175367234178,-1.5371883737389227,7,0,1
5.593639041198157,4,3,1.044649730043441,1.169718716058286,13,0,0
13.760402979037174,4,1,2.776069656422968,-1.9034930040753846,18,0,1
6.570015816995889,4,3,0.2436077323979733,-2.814414711638604,17,1,1
10.34203234357986,2,4,0.4867812269066891,0.5285618256326821,16,1,1
14.934318116864366,4,4,3.1627644076006716,-0.6916045409553302,13,1,1
3.0780299443508117,6,5,3.2474644960415193,-2.9168271845228393,8,0,0
6.696556679338567,8,5,2.880629843723761,-1.276672744769095,8,0,1
5.697293645991939,4,5,2.699572812216619,-1.565601695549822,9,1,1
12.887671400389983,5,5,3.063434575538968,1.1499339111992493,18,1,1
4.091477177436117,6,6,1.2530659063224414,0.8164105221133537,15,1,0
16.548043110991877,7,1,3.612992420380522,-1.395508329167354,8,1,1
14.941221175866945,9,1,2.677427936962993,-1.6123204301042673,2,1,1
15.782688737528279,7,3,3.212979618659225,2.919378684686462,8,1,1
11.999675974016563,5,1,3.282208557022875,1.0598678089190852,1,1,1
11.245247544182972,10,4,2.90148640093943,-2.324457200824833,18,1,1
2.755147227158064,7,5,0.5570162831388159,-2.935708213827846,17,0,0
7.906179100947272,6,6,0.25251963683186585,-0.619469661266824,2,0,1
15.906797718449397,7,2,0.18425225472790974,2.584944449940685,7,1,1
6.985147833315663,2,3,0.21893082769994354,-1.7745473617894267,5,1,1
2.0036326114920886,5,2,2.8911384024860847,-1.6089522497116413,1,1,0
5.874794405559529,5,6,0.9309133956622073,-2.6770168505492453,10,1,1
8.268974313874747,7,2,2.139866693637776,-2.773813650510883,7,1,1
10.998869985886735,8,2,0.9390176868998852,1.913215623122829,6,1,1
5.858643428924191,2,1,1.165444291350978,-0.4956313060251123,11,1,0
13.798559108991139,10,1,0.28214255037182623,2.456577022115259,1,1,1
3.8985698315926207,4,6,0.05291525162117594,0.07068273941688386,1,1,0
16.547234179303793,5,4,3.018147663609842,-0.3272824215942727,2,1,1
9.155216515463009,6,6,1.6540661211598366,-2.761131363325477,13,0,1
17.513855022469407,8,6,1.9126356942233764,1.6078198683709894,3,0,1
9.204519741304413,13,1,0.7867527892512922,-1.575100168983696,10,0,1
11.615127752603504,6,4,2.0691739286090125,-0.5213556136371347,1,0,1
11.757004184769873,3,1,0.35903800224062854,2.4649575881178913,2,1,1
3.971959330120823,6,5,2.2159730220125238,0.20735531493785198,18,1,0
16.663826417848227,8,3,1.8601453368836398,-1.6381287631708739,14,1,1
15.270162402277993,5,3,1.7347773252815202,2.0908306464375883,3,1,1
17.055877161190992,5,2,0.25002776604164323,-0.6752012170694601,8,0,1
11.907269076674478,4,1,2.9944348343273295,-0.10439258603087609,3,1,1
8.332442874566892,9,2,0.08834338120471896,-0.8522328328034119,13,0,1
4.21389121421104,10,4,0.47752404535278714,-1.0329429726850905,8,0,0
11.342708628178165,3,5,0.727270611349355,-0.41792080576679735,5,0,1
3.9057045740274603,7,6,1.0603251373542903,1.1771547018065398,6,1,0
10.515565997699102,5,2,0.6650213213988025,-0.7215755710701073,4,1,1
16.761660113503325,7,3,0.5454813098702633,1.3680735467771843,16,1,1
8.168857030421021,5,4,3.6905805584142883,0.014230919832572742,1,1,1
2.5874070957290662,3,1,2.4940767806966178,-2.6213617853067226,10,1,0
10.288166902017567,4,1,1.8272712182245407,2.0740040945926284,10,0,1
15.247623416036024,7,1,3.375973887768099,-1.4255497410641884,1,0,1
9.185256226158014,4,4,0.9254305690376361,-0.574550147357765,17,0,0
11.034237726339232,6,3,1.1276734223890066,-1.0917623298328807,2,0,1
4.7506009236336695,2,3,1.373101956257793,2.112290494828158,12,1,1
17.418963018992784,5,6,3.0653888524186095,-0.561500780555888,5,0,1
16.38798269262724,3,4,2.705593475640024,-1.19420208221027,16,1,1
9.586527134065275,2,5,1.801107241766363,-1.4848176621813332,17,0,1
5.296090856832638,6,2,3.266620972806494,2.3114332722453916,9,1,1
12.152903483864396,4,5,2.706468934210026,-0.8195764080034378,10,1,1
7.3147603529877205,6,3,0.9690286303390696,-1.7790720326681249,4,0,1
13.482818524695993,7,2,3.024768936427122,-0.6374691506075596,9,0,1
13.87791899343651,2,2,1.4774165203577292,0.9824564317523219,17,1,0
15.849139521516232,2,6,2.658956819643385,-0.48399191748426995,17,0,1
10.074196607638958,1,6,0.15360350930537825,-0.7904993556292013,8,1,1
10.031126482109467,10,1,3.9872367227244356,-0.43885002722946265,12,0,1
13.630030498236346,3,4,1.2455277595703373,-0.5898186434413413,17,1,1
12.413331544983759,6,5,1.3309179060415164,2.639546237314253,5,0,0
9.763687292245699,5,1,2.8818269658510247,-1.309049980227168,17,0,1
2.3111688058892987,5,5,3.047559577509936,2.359826962728736,11,0,0
6.013975547457768,7,6,1.1147772637141031,2.75323123914246,18,0,1
6.464132645564746,4,3,2.920006884323446,-0.8534714202377147,13,0,1
3.845804820891262,7,3,3.793478211155676,-2.4520455939986574,10,1,0
14.611214877867297,3,5,3.9816860517018244,-1.2749328036974459,7,0,1
3.551660200257526,2,4,2.4129816907361192,-1.6364336786420262,14,0,0
17.844562729359062,5,4,0.9585831398302265,-2.8056651733440297,3,1,1
7.407704807517378,4,6,0.7282525155274215,0.07717727626194693,16,1,1
13.311301095894763,7,3,1.57791756335543,2.2023610942736838,14,1,0
17.330209916871937,6,6,1.0670882544956957,-2.282814782717533,6,0,1
8.180603282328724,4,6,3.055426000800856,0.08449152459711184,2,1,1
12.256397722165675,2,3,2.4292976671722637,-2.4685299621801358,2,1,1
17.783798425147673,7,3,0.29066235032462684,-1.805439480384446,16,0,1
10.716817364417574,3,5,2.8896455378541783,-2.955648591334242,13,0,1
15.859632489258829,6,1,3.1109116402711723,2.149937633273148,14,0,1
12.995749495370926,3,4,0.9033585288935679,-1.9438514697531972,15,0,1
6.70266816807894,8,6,2.2730744650750734,-1.3520047812725675,3,1,1
11.269014444615374,5,5,1.240941134978819,-1.9094184134328347,2,1,1
10.86367179552129,4,6,3.231829312436076,1.6065877062860263,15,1,1
9.99277336327474,5,5,1.7400583773608935,-1.244069413995553,10,0,1
13.066294431573091,3,4,2.0967850842532294,1.001612505343303,16,0,1
8.970753057956646,5,2,3.597650088669301,-2.1987946010355035,5,0,1
17.51185439049885,7,5,3.722689022249593,-2.8521335721820638,11,0,1
8.52633499794475,2,2,3.5172978534502426,0.08536206759586573,3,0,1
14.286021818139382,4,5,1.8373746223758256,-2.6693907890470134,2,1,1
16.856888526306175,5,2,2.6472429142976988,1.9013417370250103,13,1,1
6.290291673790733,3,5,0.5587694904117546,1.294415558464772,13,1,0
9.903666386243007,7,6,0.4075150565582262,2.466723008351745,8,1,1
12.110082547950162,9,5,0.0699928559495544,-2.7059721301723587,6,0,1
7.227822249098137,3,3,1.0416124351516336,2.0303978285531397,8,0,1
16.28981986115956,6,2,0.7364052934438279,-2.3660979273064155,3,1,1
11.892560336219518,6,1,0.07667155009991111,-0.4080637712193549,13,1,1
14.622832383182072,3,5,0.8468574885918834,-2.134559873291379,3,1,1
16.588561798108344,3,1,1.4031104920412485,1.9961624780965206,4,0,1
4.646722434054549,0,2,1.1792689533870675,-0.8727107470283557,7,0,0
6.143385680399604,5,4,1.8115334416620468,2.674290650646147,13,0,1
3.13659874245346,5,3,0.5212817326893435,0.8605736971039848,5,0,0
3.3885272650398477,2,2,2.1491026946721523,1.0627455808953838,12,0,1
3.6442918823965087,3,6,1.3669953693037091,-1.8994581390122638,16,1,0
12.97042798824319,4,3,3.6407844965787857,-0.7029996313893885,12,0,1
9.004240879810055,7,4,3.502740510344424,-1.3714148143436806,18,1,1
7.051538076327818,5,3,2.609124451273785,-0.5688171445480217,10,1,1
11.273547638602784,2,1,0.8457250319956446,-1.4089755528998664,14,0,0
16.653029571051903,6,6,0.8528157255565403,1.6903739340285568,9,1,1
8.702867582998703,4,2,0.2802747828847578,-2.660246655734652,12,0,0
9.947894848095752,7,6,2.3289497952103453,-1.2007543893356103,3,1,1
15.742917589195642,7,4,0.3742376276493422,-2.8999706964022014,18,0,1
7.120257809398268,7,3,0.0798917303121125,0.5196104244273627,18,1,0
13.942717280157584,5,5,1.7607213147887726,-2.5841533617702312,17,1,1
13.822887285591555,2,2,0.8170258717455856,0.7608157803890636,16,0,0
9.682936244190206,8,6,0.9832743480902986,2.489052899109928,6,1,1
12.104710058818565,3,5,1.834820462670153,-1.9102114687270688,9,0,1
15.650050750563786,4,3,2.6656292187796757,-1.2875755892194651,17,0,1
17.453386700921335,6,2,0.4018301987238737,0.05494779337561573,5,0,1
5.531185196565362,6,1,0.07860593098739121,2.2763583408431725,2,1,1
12.884011013285985,5,3,2.5323405059849535,2.394143895896903,6,0,1
3.852160739941194,3,4,3.590129306088336,2.446567461901072,8,1,0
15.20855746432665,6,1,1.5080308478349784,2.789571609010956,7,1,1
17.72576188568673,4,2,2.663788664321857,1.9359448108825639,5,1,1
9.35300764008835,5,1,3.276936848409681,0.21915365036068923,5,0,1
11.724455017710195,4,1,3.21477380750921,1.906932441397144,5,1,1
15.863217011984664,5,1,0.396950659678724,-2.455674703513015,16,0,1
3.630268063544845,4,1,2.5568073175598394,-1.5859047925446903,9,1,0
4.028828786028161,4,2,1.8130698430200853,2.119054873546802,15,0,1
5.066741101284389,6,2,1.9612499576393132,2.080710011218472,7,1,1
7.3327977579284,6,2,3.0926707669878355,-2.3624045712456248,16,1,1
9.15760878409001,4,3,1.7892110250104025,2.793107509408598,4,1,1
5.895472705068162,4,3,1.9571170442064125,-1.2834604678124364,1,0,1
13.871926258018757,4,2,1.7155375575788407,-1.8660860401729493,10,1,1
9.888482002540837,4,4,2.179298702693727,-1.3815452047573977,9,1,1
2.6087868529614546,4,3,3.209094788589911,1.7203380884012445,4,1,0
4.420228551402815,4,2,2.4822273880938344,0.8301003907843847,18,1,0
14.829214398008242,5,2,0.10988225005193941,-0.5782446283806175,9,0,1
12.76230949642864,5,3,2.662602002503839,-0.039120011562733925,12,1,1
7.9569135771687645,4,2,1.21049273171502,-0.2401099819313952,17,1,1
4.552639307014777,3,2,1.2752692914920187,0.5609784949311085,17,1,1
17.521870182694915,3,6,1.0273201509007408,-2.4449002729014335,6,1,0
2.0349462857159804,5,5,3.6801602101836144,0.901530426561969,3,1,0
6.136916218243934,3,5,2.770056051044772,-1.5388299666027823,4,0,1
6.287084001709566,2,5,3.193814020204762,1.2433699700125391,7,1,1
2.755598023916077,3,1,2.3142557291174177,2.4680508972984523,3,1,0
8.059253689298549,10,5,3.1896822157666573,1.3206680010896745,12,0,1
4.783638392348857,1,4,2.199507684624842,0.717495556962521,15,1,1
3.927709159015487,6,4,2.552897660162446,-0.8999587891609275,9,0,0
10.790589312975433,5,5,2.2506216916109696,1.5731250671644927,11,1,1
11.101003782941966,7,4,2.7933518851176107,-1.237233176074035,14,1,1
2.2834216097502242,3,6,2.0156521015224,-2.9189181461629046,2,1,0
15.577704830380476,5,5,2.3087467048932355,0.8863203265236717,10,1,1
10.15214197158723,3,1,1.261665565034734,1.0955956786878325,10,0,1
17.662712897918396,3,1,0.7597389746440801,-0.23572697191034742,12,1,1
12.75231619488856,8,3,2.276920848365792,2.524625097816452,16,1,1
9.331276884035455,4,5,2.517694844468402,-1.4585142918462397,15,0,1
2.961736897254333,9,6,2.4021390728256593,0.1803140352742849,3,0,0
12.056062401337085,4,1,2.909073881809736,0.8025245231420177,17,1,1
10.98301404692999,10,6,2.0483543067946557,2.644141126339391,12,1,1
8.336871638967468,7,3,1.3453829068623278,0.5204887138040575,5,1,1
14.550490649734401,5,6,2.24857901531034,0.3162233402732406,9,1,1
10.472537840359319,1,3,2.627260924353796,-1.810762408586882,5,1,0
11.958014903570787,3,2,1.72137269475629,-1.078207545019545,14,1,1
11.846862640526826,2,4,2.7644234802154046,2.299158317541651,10,0,1
2.8857570710145524,8,2,3.0150728081802094,0.7320551328538834,8,1,0
13.641008566915211,5,4,1.5344361614206337,-0.45376784367819223,17,0,1
6.782818401573332,4,1,0.5809000796609962,0.14588963004072575,7,0,0
15.457716943021921,3,5,3.418061743642998,1.0990533794389084,7,1,1
15.528172973448967,7,3,1.886795067564838,2.7587027186262887,7,0,1
13.6763281851789,4,3,3.7047719456585066,-2.945410912315344,7,0,1
12.709046661816027,7,1,2.785449730132122,1.031856827562307,6,1,1
14.004349271548348,4,3,2.2158797995130994,-2.990392874705827,4,0,1
11.498377361717774,5,6,1.545850257311741,-0.47850238915474863,7,1,1
4.710758433491952,6,3,3.7676223490416807,1.4373794886676086,10,1,0
7.4350818956733935,4,3,1.5360762958598326,2.1263970799540814,3,1,0
2.4659805598256845,8,4,2.1474365860104734,2.619421308425035,11,0,0
14.22552938526207,2,6,2.6511429309746544,0.5410246418984643,15,1,1
6.891234172967817,6,4,2.2234832567958374,1.1971672224154313,11,1,1
12.652243844245877,5,4,2.710726164470793,-1.6395946386098315,11,0,1
3.447940977533868,6,2,1.282479626200907,-1.930010925430702,8,1,0
6.019072073671476,4,2,1.5522338970438279,1.775790537603645,4,0,0
8.31281806850197,4,4,0.5268381408254204,2.1524698111774807,13,1,0
2.6949337157701994,3,5,2.7765266159049475,-2.9032521217667107,7,1,0
10.695750857328232,5,2,2.647441248860022,-0.8668212170879546,10,1,1
2.3977522546527066,0,3,1.2110704304697002,-0.2439239389630634,17,0,0
10.721334605758242,7,3,2.821425480776473,-1.5381685839265025,16,0,1
16.189454445305714,5,5,3.8461748915244383,1.8435698959575024,18,0,1
7.513545531631548,3,3,1.7676313799157035,-2.1429245544484576,9,1,1
15.65544885124085,8,4,1.7983334116810492,2.021180533359553,2,0,1
3.0110124683922592,6,5,3.5251901824563667,-1.0304694643359777,16,0,0
12.177690154297897,5,2,0.5531326936189909,-0.44326577416508695,1,0,1
13.667843985561088,9,1,1.0186467457297872,2.989170326866714,13,0,1
3.57896364415873,9,6,0.20828962488507896,-2.9230701029363653,16,0,0
2.875426797338239,9,2,0.4977368317870208,2.7731752576679476,8,1,0
8.20199400323935,4,3,0.6375795390856087,2.808133032274432,18,0,1
13.92386377875906,7,1,2.75929477159055,0.6146466591686561,6,0,1
13.767654213331962,7,5,1.2598082476750379,-1.161607209828253,9,1,1
8.840120921482393,5,6,3.0750567228846415,-1.4064744101558406,9,0,1
7.14698189922095,5,2,2.637429549115376,0.06409790668309423,18,1,1
9.867807088303831,2,2,1.6870969677445036,-1.6217022979006097,8,1,1
14.205566437543665,6,3,3.708016640405633,0.8907294850886092,14,0,1
12.75722895989826,4,4,2.263554420407036,0.693315739159075,13,0,1
12.386463437293964,4,3,0.21383485041927264,-0.3258492585195212,13,1,1
8.12366706108434,4,1,3.0531796479891264,-2.180981927498507,13,1,0
2.3219475496491846,3,4,3.550167630905655,0.8475942555412184,17,0,0
10.14306849614858,9,2,2.4067464344818603,-2.635901586295906,12,0,1
8.064093330851192,5,1,3.3701380334072066,-1.1807508374419506,8,1,1
15.673904412615643,6,2,1.382480675603158,0.7290438668285049,11,0,1
13.040413183050475,5,1,3.2236233701337653,-1.321956860721341,2,0,1
15.850320581963711,3,6,2.9600712006328513,-1.1416005063239276,9,0,1
9.893465408838088,3,1,1.1371531563818373,0.5146696255862855,9,0,1
15.377897848720682,7,6,0.3133082205968738,1.1293135164464152,17,1,1
9.793320709177248,7,1,1.6159051332123342,-0.23929690078004695,15,1,1
8.98530754786919,6,4,0.07778503367818645,2.837769809712249,10,0,1
11.18360280050787,8,3,2.4743405962884615,-1.1409172994803205,9,0,1
16.771579951763655,5,6,1.1017196145578914,2.8064397279545163,12,0,0
17.93861909072421,7,3,1.6321618464112664,-1.8523357737756176,5,1,1
7.230292208889704,2,5,0.4899256674011889,0.2042166792279394,1,1,1
9.659227529109316,6,3,3.467420852108264,0.7575556479745602,7,0,1
17.132423955941555,6,5,0.30857749634424403,-1.1628244771075127,1,1,0
16.243530728872898,7,4,1.9982658535037312,-0.3689518998061798,6,1,1
5.868232119674905,5,4,2.61040806086176,-0.26340284002445014,4,1,1
17.70316152686607,4,2,1.519697163848058,0.011613484685163655,8,0,1
14.118801653973197,6,3,1.476070929644691,-2.1868987586354756,10,1,1
16.943798696201874,4,2,0.6830730400133476,-1.3967406270835554,8,1,1
11.786490810336225,7,6,1.0207289150969228,2.150821515589578,10,1,1
7.490781715316537,5,1,2.452681442972468,2.2128065749069217,15,1,0
16.489314201170117,3,3,1.9204313118091454,0.212225235830366,1,1,1
9.043547620098643,11,6,3.223564676787417,-2.524502363220427,15,0,1
9.757739835457658,4,2,3.500034798975881,-1.1912628815359922,13,0,0
12.544554897584021,1,4,2.490197584852455,-1.7530569512469851,17,1,1
17.174802488663886,3,1,2.57110620023946,0.5261085023700645,3,0,1
7.584838791384822,6,2,3.3319765542120017,-1.2145757013551073,4,0,1
17.469848804694298,3,5,3.89050641773021,0.6409593815314976,2,0,1
15.882265835523574,6,3,0.39142801086580015,0.4569559789557971,9,0,1
10.295887599075847,2,3,0.7802188889454533,2.763411217940611,11,1,1
15.275130950673024,3,6,1.883139988050829,1.2398551304936039,5,1,1
9.940722008010235,8,4,1.5603441551208546,-1.8327121818005323,8,1,1
15.690298626319146,4,6,2.416695752690367,-2.2742360265690458,7,1,1
8.44456854474392,3,2,3.365358876024193,0.4785987446056388,18,0,1
16.317907211288315,2,5,0.7326781097131705,0.535714367177107,14,1,1
15.00180222541075,1,3,0.9996068865475594,-2.6063954103298226,12,0,1
10.07079593701499,4,2,1.7351130976286147,-0.865241233074042,1,0,1
13.00656146328519,3,5,0.7520628687851558,0.9188203997511324,4,0,1
6.954108960045533,5,4,3.3717999725564285,0.12273655283629825,1,1,1
12.228206130901805,2,6,3.08835809552514,2.054228002909932,9,0,1
15.337185754331788,5,4,3.934927415988024,2.764288510018904,14,0,1
11.775351990916075,7,5,0.15345544542280454,2.224783034028679,16,1,1
15.661855896403257,2,3,1.3718660788003127,-2.1705266061956574,13,1,1
16.043407371151034,8,5,0.29029919217884315,2.1019062489455935,8,0,1
15.326297518195672,4,6,3.5349335553255474,0.36886766242006086,8,1,1
9.901587131329604,9,2,1.419382893722633,0.676106068047643,1,1,1
12.247732690275395,2,6,2.000791742091141,2.0426565032761204,7,1,1
8.474459866376803,2,6,1.6716299351816377,1.4904380664302268,6,0,1
6.041376106955587,8,5,0.9321785130674898,0.44176714765744673,14,0,0
7.593363132550273,5,2,1.4686785027800906,0.25379985372647473,14,0,0
2.133675266754217,7,1,2.822637335495786,-0.06462059877232296,13,1,0
15.194021644814287,8,2,3.9896917562142167,-1.3135566873293212,8,0,1
11.283656515186268,6,3,1.1832908743274526,2.3292551592848945,6,1,1
9.174525456254926,7,1,2.724200446921781,-0.7627409447869331,9,0,1
3.8027764261566404,7,5,0.2253331111969592,-2.8566948520851434,13,1,0
7.692385347210562,4,4,2.3672316306533037,-2.566623910365133,11,0,0
14.927008480228535,3,6,0.1534462191518986,0.7287865359407073,5,0,1
7.720213254835791,9,2,3.7370791658555076,0.13638406834112748,5,0,1
16.87209128589038,5,3,1.246813285971248,-1.1625645286295976,1,0,1
16.097682373705055,7,1,0.39994098993510674,-2.798724771527053,14,1,1
2.49691001656249,4,6,1.7486881982407088,-1.3231833526221086,10,1,0
4.313275363833355,3,4,3.72333145670323,-2.967906067834663,16,0,0
2.876592766776781,7,6,2.2554681275670663,0.09866605141692908,8,1,0
12.787161965838875,5,5,1.2105613625472582,0.974231159476521,12,0,1
16.229100158853115,6,5,1.5661483984065168,1.2799303770076333,7,0,1
14.60689501500427,7,2,1.3641914913224942,1.8198274411082007,3,0,1
9.288027123507524,2,6,1.5983940464834716,2.114582505414714,13,0,1
8.271483844391408,5,6,0.6581014895712496,-1.5985173946658449,1,1,0
9.261897919934977,7,1,2.460365149479953,-0.1128710911493851,5,0,1
17.048596817647162,9,1,1.5695284037308852,-0.568709260204328,18,0,1
16.024967852619483,6,2,2.9199728985798545,-2.209537202208215,15,0,1
15.314599259665894,2,6,2.5830367117521305,-1.4995051865163491,8,0,1
8.737902470945306,3,2,1.1595227181354386,-2.912909432834347,12,0,1
17.570315382830536,3,3,2.9966312927061267,-1.0273542750444555,17,1,1
2.247158843729247,5,4,2.2567791671949813,-0.03505437868917394,3,1,0
17.119473018241216,4,5,1.9624543035927964,2.0926055116878857,6,0,1
8.647024260154573,5,5,0.5214067188591671,1.7764111523816242,15,1,0
8.606579033427412,2,1,2.722332371675069,-2.2724106398451798,11,0,1
12.365392617731624,4,1,0.4232014376965596,0.771264185273167,8,0,1
13.650933715015716,3,3,2.0390282676034857,0.5115652530590791,6,0,1
7.816231317908267,4,6,3.9675714292785673,1.7385706424078071,2,1,1
3.263689589859707,12,5,2.7533230493307075,0.6247837731392107,5,0,0
6.1474453403517835,1,5,1.4080663300075131,-0.5351459939419163,9,1,1
14.875615739862896,7,5,0.5479288892381113,1.1211989624094594,12,0,1
3.868865723743232,4,6,1.2139849271560608,-0.927936132442019,17,1,0
8.474320455041589,2,3,0.2259336960139282,1.0371302268581468,17,0,1
10.35402389491483,5,3,1.345844650308849,0.5349382643627294,9,1,1
5.417076805379077,3,4,2.5688385480107896,-1.5262105557071128,14,0,1
15.681750751959042,4,3,1.803946010593375,-2.3954829362425425,15,0,1
15.923147047875874,2,4,2.6099389136246303,1.6428044914142035,6,1,1
9.690368452998543,6,3,0.9523408512284703,1.9216611586119274,2,0,1
13.723574646612905,7,1,3.110721505099571,1.432808299609138,9,1,1
10.487570995164676,5,5,3.9043133298900754,0.1938261830889978,3,1,1
13.971739463896148,4,3,3.2046860131812993,0.6262843144968486,4,1,1
12.956370532467176,2,6,1.6329500773851948,-1.3172206547720855,7,0,1
4.747359823579011,5,6,0.5077442306967055,2.6016922670105647,4,0,0
11.074059320517968,5,5,2.155923497800482,-1.2727229799909325,10,0,1
12.317696694875629,3,3,1.2837417532777615,-1.4864829968689777,18,0,1
16.33044671333083,4,6,3.1331603697554655,2.776708847884393,2,0,1
9.695065729348856,3,3,3.9467871843216953,0.7160894937530236,18,1,1
6.7752105783641685,4,1,3.4731880726453115,-1.2317109188611874,11,0,1
7.447057281590695,5,6,1.5799610821961299,-0.9899485802538255,17,1,1
12.836863348770256,3,3,3.723592577485718,-2.334478614751161,10,0,1
8.963691488150783,10,4,2.906417749327476,2.572376215664013,2,0,1
7.469849628197606,5,5,2.107037150768861,-1.0544947568881764,5,1,1
4.44253063265254,3,6,2.737314601821067,-0.8405157827078193,5,0,1
8.252047753072066,6,1,3.9241179564603046,0.6822478172624837,12,1,1
7.1180732266842135,6,5,2.3557440902501914,0.12393212240466944,16,1,1
8.759132640494066,2,1,0.10055890302525672,1.3375840334316216,6,1,1
4.041090421828548,7,4,3.365759039824979,0.7061675171315454,8,1,1
15.256484153304136,4,4,3.057022696096565,2.9589246215409633,16,0,1
11.86337405166076,7,3,0.42158773931656013,-1.8920925246378142,8,0,1
3.040012623182216,8,2,1.5936018664376976,-1.2924252327844894,11,0,0
14.561149785016203,7,2,2.5864845346302214,1.9801961017684482,11,1,1
10.774414987870587,4,1,3.998830551287324,2.0598177969129674,16,1,1
12.018785180702315,6,6,2.4308392329080184,0.22882240626530947,18,1,1
6.437548187594068,4,4,3.3186747210603804,0.374270282306413,12,1,1
11.520741518780179,2,3,2.985017380585153,-1.9463991617488956,16,0,1
7.725012475241753,6,5,0.8371510461204794,-2.977682035091645,18,0,1
10.37267940622392,9,4,1.0145698973655022,-1.6316290985998805,15,1,1
6.948289783995126,3,6,2.350812913365906,-2.615738856811269,8,1,0
5.947958730678094,2,6,2.9892633022915454,-2.6817247128178296,10,0,0
6.18125433505443,9,2,1.5279201818517838,2.740888023545267,8,0,0
16.423773617611985,6,6,0.3822977906504046,-2.8647046708194814,16,1,1
16.52505372443847,6,4,3.711165917501262,2.5928034923896988,13,0,1
3.463727326874354,4,5,3.754312958344132,-1.8850076666079447,2,1,0
4.228747030513613,3,2,2.6604807124544627,1.1451210260388809,6,0,1
7.762594451420664,6,5,3.823675199848177,2.539797049619577,15,0,1
9.826144507454515,6,5,2.54062795545574,2.4573325706232154,3,0,1
11.231476967493936,4,1,2.3434084897326732,1.0451526996900045,11,1,1
10.218134142858416,5,6,0.2635760728476786,-1.9976659831872858,10,1,1
7.705948781216833,7,5,3.6761531081146845,2.399457260128031,11,0,1
8.290726953028226,4,3,1.3152072183138146,0.9559687679040083,9,1,1
4.538194986393579,2,1,1.8812961917488256,2.241451834558405,9,0,0
12.731955207548374,2,5,2.9612521233758056,0.2570482460044481,5,0,1
10.328328538264232,6,3,0.9994698610317174,0.8415054897136578,9,0,1
8.77664923586413,7,4,0.7199984664427475,0.015285640332138861,18,1,1
14.796203884723836,4,5,0.13919679947340047,-0.5445025572876165,14,0,1
14.805827015285525,6,1,1.9855956867083369,-1.1639941585009952,16,0,1
8.523827459065519,6,4,0.8141420899272194,-2.0654902628068212,13,1,1
8.593497754120627,3,6,0.686803346201236,0.9225870185594172,18,1,1
5.537261979095071,3,2,2.375762483773621,-2.1095898210827078,5,0,1
14.930512784387403,4,6,1.237729883877933,0.6372135216619919,1,1,1
14.65124645993782,1,6,2.4230379574358882,2.777222964010858,12,1,1
11.174426014363261,6,6,0.27118558331245035,1.3414842026398857,2,1,1
12.626011828533606,9,1,3.7704108019389877,1.9931469138453455,17,1,1
12.51710120250036,6,2,0.3199299311870192,-2.461045484567496,15,1,1
6.514489344578228,2,1,0.5981972742277781,-2.3769636833344343,3,0,1
11.755331128588157,5,1,1.670556023474811,1.4199112513487275,11,1,1
2.420763626954697,5,6,0.5054805677880205,2.8421528091011927,9,1,0
7.423518818765142,5,5,0.46818029082530455,-1.8904438873630953,3,1,1
17.433965689872288,4,4,2.0270801628711523,-2.2407281328217366,12,1,1
4.3505425443668315,5,5,2.421374511776922,-2.4775077024514283,14,1,0
6.708700383819853,4,6,1.2059536614174378,2.8081257673657705,6,1,1
8.166737595678057,5,2,3.7742608686279078,-2.748717636967347,13,0,0
14.533387070793928,3,2,0.07617363709716729,1.3947277748023783,10,1,0
12.441814427957656,3,4,1.7630609907014758,2.9673548436584385,5,0,1
3.676200583223041,8,5,1.400946457308307,2.5025910310307653,13,1,0
2.069753279305287,3,5,3.269649821076442,2.59935036791477,1,0,0
14.966926617170728,5,2,0.6986002618214724,2.0927475166550433,12,0,1
10.045488991985389,4,6,3.122087211028087,1.5326236350934863,16,0,1
12.997990683164762,3,6,3.220059520472281,-2.882864575812035,17,0,0
11.661982589219042,7,6,0.656739856225435,-2.2592185576155837,11,1,1
13.63367118493611,2,4,0.352024110045809,2.3612075009906217,8,0,1
9.397783155963827,9,5,0.680521309534436,1.5713236733445148,6,0,1
2.425641017545022,4,3,1.802146156268304,-2.9301306029814227,17,0,0
4.988492914597931,6,4,1.3149839533984262,1.322602213354668,7,1,1
14.07796046253697,3,4,2.807788800479227,2.014329579887228,18,0,1
6.034911709108311,4,5,3.163092254928136,-0.7564327817592971,5,1,1
13.59856434937735,6,6,3.7100142051863023,-0.2503007016823613,1,0,1
3.187949749288732,2,2,1.090230995261602,2.2292740842487584,4,1,0
15.961184308762313,4,4,2.8408393932650595,-0.8166035610280051,9,0,1
13.512934612246958,4,5,3.9042823441276173,-1.4590105525976482,12,0,1
8.35564047305972,5,6,3.988681005702898,-1.244346635762127,18,1,1
5.521757280306616,7,5,3.721466631606118,-0.8121600539173022,2,0,0
8.765894544945393,7,5,1.3231719657106225,1.5296412009499738,13,0,1
15.664261338700584,3,5,1.951506423992238,1.212985971889875,15,0,1
6.622992266521322,5,2,0.753472928268279,-0.894467430205923,17,0,0
5.562387763628566,10,2,1.5909159024908894,-0.43131858151654967,7,0,0
16.288021798343955,8,4,2.2088891206953862,0.9658429238980548,18,1,1
11.877668015809073,6,1,0.25188563493480176,2.004811430462306,7,0,1
12.14926971611807,6,2,3.635923567659457,0.8275829374779926,14,1,1
9.9447970176293,4,6,3.4216326484171518,-2.8086912287484473,11,0,1
5.197967594391098,3,1,0.7659736397232093,-1.9961917200410995,17,1,0
13.534291504833563,1,5,3.936962867206596,1.9905488448134818,4,1,1
15.490846730445448,5,2,3.782518710995988,-0.342377269593384,14,1,1
16.925539541764785,7,3,2.525509745581717,0.5790960041917854,6,1,1
5.951411586589135,7,3,3.561210228454081,-0.6963066344221644,9,0,1
3.961330504114928,4,3,1.3545730857914529,-2.241118459852143,12,1,1
15.456719720200965,4,5,0.797523276042508,-1.154069475861981,8,1,1
5.976571902833486,4,1,1.050289485743828,-1.4711804038098266,15,0,0
12.132535717327928,3,2,1.1567130154257725,-1.1414081151425794,5,0,1
8.097608217789025,4,6,3.57306654506831,0.08028387768176337,5,1,0
16.956783514775992,10,5,3.5028681462357576,1.8085008654517631,16,1,1
6.241972183131832,5,4,3.5226738502005936,-0.6165472111989887,4,1,1
13.404348696270471,8,2,3.9567422994591337,-0.22582929511360028,17,1,1
5.328393003731982,7,4,3.9040557023951767,-1.1363941716280224,14,0,0
10.664100513959806,8,2,0.9136358462697545,1.9332669318462257,9,1,1
4.873739821236846,4,4,0.2775812597621683,1.8160749762355142,2,1,1
11.843651244803256,6,3,1.6377917505092365,2.2578838194930526,4,0,1
6.810490248971906,7,5,2.32015395160369,1.3181674287650251,7,0,0
10.633853609629393,3,3,2.2395724061437976,-1.1944855610074874,10,0,1
5.716373836648012,4,1,0.2372355792043872,-1.168044605800402,16,0,0
14.32210067086271,2,2,2.3319939188732626,-0.5900812454137183,16,1,1
6.373262026654251,7,6,2.8609474139305324,-1.9728915369892484,2,0,1
8.078408357163264,4,4,3.170709951178507,2.325374750476099,16,0,1
3.1607522077864303,6,4,1.948064162064958,1.8790928837067673,9,1,0
16.54824069528545,10,5,2.755070063836606,1.025972766781896,10,0,1
16.388004911705035,1,4,0.3989048154134718,-0.8200531465859395,15,0,1
15.311840849765558,3,6,0.8589405004862529,0.09998555906324569,18,1,1
16.86433417146882,4,5,0.24656753374729412,2.7512736409445226,16,0,1
15.160284831973575,4,4,1.2893538323237745,0.6623631998643216,7,1,1
3.195934458181048,5,6,0.6227008510569507,-1.6357202748339255,11,1,1
11.665849999695192,3,4,1.3837980714528118,-0.9121880030687013,12,1,1
3.717777895210684,1,2,3.307614176107874,-2.4119675107743497,1,0,0
6.959682182967519,9,6,1.5166434559197737,-0.9583501065958151,1,1,0
9.938814817617844,3,4,1.5206005678306798,-0.9765734949849474,18,0,1
2.8136635013398372,3,5,0.6136703176435496,-0.47318486254500325,4,1,0
12.556843222405066,6,2,0.9676230903670313,-0.6089878271761178,9,1,1
4.735118297081373,5,2,3.4367561548862775,-0.19473690183740544,11,0,0
15.763964975639434,5,1,2.9664120789488346,-0.6813398944150957,3,0,1
15.95527246398232,2,5,2.75349551754369,-1.2308062315818182,13,0,1
14.81295191482932,6,6,0.64894219256231,-0.5019030072214097,3,0,0
7.0873573065538835,10,1,1.0200146100043028,-1.4246986198799987,9,1,1
13.913658864054081,3,3,2.06033750468714,1.1142433757164554,4,1,1
10.211817153543347,4,6,3.27947259010802,0.3236504031278251,18,1,1
8.129622937449351,7,4,0.45802478587592566,-0.594928586079126,15,0,1
10.101915802435343,8,1,1.0310208625124386,-1.6414223694741001,13,1,1
5.4413636605614855,6,6,0.6516663720064764,-0.9790853341952586,8,0,0
4.094021335322992,7,1,1.2471105872200878,0.826933075556461,8,1,1
15.630207719526132,5,4,1.380719353182522,-2.3611094202917617,3,1,1
5.5463570338809465,6,4,2.6282607301317817,1.3938251533167954,11,0,0
2.715310902701791,5,3,2.133579566027218,0.08642321247710694,14,0,0
8.56430621330747,2,4,3.751547904379534,0.2541537029539285,9,1,1
2.5288351180710364,0,1,1.0114199150502352,0.1044077389497966,2,1,0
10.224493111613912,7,6,1.221412854191159,-0.4248565082397935,3,0,1
11.500012038514873,1,6,0.1282507852272201,-2.50078910094639,10,0,1
11.536482575196818,6,3,3.9199444291484373,2.293000346826199,12,0,1
12.580244900241464,5,1,3.1569751574085205,-0.848954212827997,16,0,1
8.539856588129961,6,4,2.5838061244481803,2.83736633632617,12,0,0
17.19338828103336,5,1,2.6620376350288537,2.8699528586702847,7,0,1
7.361478948293481,3,1,1.053454475992317,-1.740811936325273,2,1,1
2.9306841395347956,7,5,3.565130659311002,1.82330825241152,16,0,0
5.205613623174495,11,2,3.6693956060269954,-0.6511216179959058,16,1,1
7.250354888241098,5,1,1.4685313412410603,2.446091671314921,16,1,1
2.3276333337951662,7,1,0.41216677372393073,-1.6353104756112022,15,1,0
12.83403981718243,4,4,0.31560731796480423,-2.45187680780138,4,1,1
9.524542980211788,8,1,0.9361127012274983,0.5285174751281865,17,0,1
10.799663782141828,5,3,2.271312444689264,1.989589778646458,15,0,1
15.487206242828957,4,4,2.660531440734902,-0.36654755876256706,17,0,1
5.519991555786003,4,1,1.8844414199910156,1.9124279427279118,17,0,1
13.330718749369133,7,6,0.128438321928233,0.8632075653307583,12,1,1
16.1771834735284,4,6,2.24083761096378,-0.42407194819418237,14,1,1
13.987781289639475,2,3,0.6085915476780661,2.4733777319975996,12,0,1
6.323982000987426,9,1,0.5630818310848533,-1.6506191656175564,8,0,0
5.714142604802499,0,4,2.5709841843011176,2.3564552579781317,13,1,0
9.45232312796684,3,6,2.107075629077968,-1.0996972678487036,18,1,1
11.736554292435814,9,4,3.9317796864808847,-1.35518299684837,4,1,1
2.9094491313982154,5,6,0.06763925302546836,0.7082620747424242,17,1,0
4.582671803001183,7,4,2.427439231203714,-0.06732367062200373,15,1,0
12.803030648185983,4,1,0.3769722656181025,-1.9698360412290528,18,1,1
3.5073658177999008,2,6,2.874125272488984,-2.562190002445874,13,1,0
15.548528434701268,6,4,2.500868234611409,1.9643051616441491,14,1,1
6.918920520765395,4,4,3.552759811856749,2.12847679218435,4,0,0
5.843634662328725,3,4,1.4649647245344601,-0.3948804482191828,9,0,1
14.967513873113488,3,1,1.6737871588649118,-0.9326285520727478,8,1,1
2.339075939645644,7,2,2.717266661254214,-0.17699568546190658,12,0,0
12.240780750880901,5,1,0.07428287506039544,2.3318560161777304,16,0,1
13.478951214052058,4,4,3.404443303390219,-0.4355734366343951,9,1,1
4.675133672756294,3,2,3.563307014297074,2.8589402042654948,6,0,1
10.67008277241952,5,5,1.8919239254829434,1.032686760592794,18,0,1
8.07409387977015,5,5,1.3306919461212954,1.988499731581867,7,1,1
10.096580323639692,5,1,0.07960593496031132,1.1941644842525703,1,1,1
8.446233263306093,2,6,0.7370603046829749,-1.721636693894787,17,1,1
10.23167427409649,5,4,1.8053469006163891,-0.6948348904441355,10,0,0
3.418127595993292,7,1,2.9953098544159498,1.003279750451445,1,0,0
4.62449170335023,6,5,3.9130779439959524,2.2446227763972644,6,0,0
14.89731464631884,3,1,3.632139505342886,-1.5858773140157434,13,1,1
6.760748181493284,6,1,0.7632379657852284,0.3170507759086094,17,1,0
2.458099101370445,3,4,3.489862093034156,1.2723805284550247,13,1,0
2.6070130069749684,8,4,3.6203125111779246,-0.3923540767964795,14,1,1
9.873307286214642,5,5,3.1447306767928525,-0.7383001698823675,6,1,1
16.082101654938267,3,6,1.7923006063265374,-0.9229495361632258,4,1,1
3.9920840698510762,5,2,2.052277691453752,1.8841004131195804,12,1,0
13.328380543966588,4,5,1.2381679674483523,0.41464188217682274,5,0,1
12.342427786652795,5,1,3.8769965552900345,0.6521053236210053,17,1,1
15.084730895670702,2,1,3.1748697031408493,1.7112172074769498,13,0,1
17.007805847351953,5,6,1.9190854311295111,1.474429890247137,9,1,1
7.177751510945132,4,1,2.6814145586471962,2.939883689935085,14,1,1
10.011758498307174,8,6,1.9039267613968813,2.96263861660759,18,1,0
15.359512791698972,5,1,1.6985246391611635,-0.23416768646610686,5,0,1
10.323403020109268,4,6,2.2883992678865,2.118081353927553,17,1,1
9.795992965527216,5,3,0.4149206581699767,2.015457493235729,12,1,1
4.258656531152475,4,2,2.114519350146477,0.5406985340668249,8,0,1
2.5960620898271376,2,4,3.066229177467013,1.3152686858027316,14,0,0
3.07516113203798,5,5,2.4811152684033715,0.26520001268176685,13,1,0
11.585898957121731,5,3,3.5684480627643254,-2.815301386574159,6,1,1
2.866150534437132,4,5,3.2780716748402847,1.9518093740562872,16,1,0
6.977930892154358,5,6,1.6075948318238664,0.454315831987226,7,1,1
3.6771622550522487,5,6,2.0845956220203616,2.98336322777479,9,0,0
16.856353200678875,9,4,0.7349133613657495,-0.7269152108966699,8,0,1
12.845897856923926,3,6,3.1070730854002915,0.7550799963036603,3,1,1
15.75566053603572,5,2,3.7953833538682447,-0.9867543468807867,18,0,1
8.677566724866262,3,3,0.5602582374357459,-0.9103523078208511,11,1,1
16.86522176410918,4,4,3.849166166690347,0.9216177152113589,12,1,1
11.876657216841883,8,2,3.5772115732745924,-0.14881368325830335,16,1,1
3.1865456923844917,13,2,2.8592427685251103,1.3814649976215438,14,1,0
8.762990968130564,3,1,0.8600902774247383,-1.7724383142493452,7,0,1
8.993988379840198,4,5,0.9894054872709712,1.389875423519328,17,1,1
9.29465499235382,4,2,0.8985551057164365,1.8666362412009567,12,1,1
13.638356701535225,3,6,0.3849859645628655,0.5352703407157224,7,1,1
12.594974171389337,6,6,3.8007228432721667,0.47089415838515336,15,1,1
7.265238670240512,4,3,1.822943256033939,-1.9377513536405617,4,0,1
15.637845588192699,6,5,1.5757770587623385,0.6679043223184884,1,1,1
3.2660686315949388,3,5,0.06146500293889323,-0.4413371657141809,10,1,0
6.557939309367624,2,3,1.35635045305072,1.259372600288721,8,0,1
13.280552356213324,7,6,3.0857199559717454,-2.986895432966657,3,1,1
12.686987912769045,5,1,2.8270611274465245,1.3346005381344783,10,1,1
2.141037332711562,6,1,2.685832125201445,-1.4854128353877603,14,0,0
7.619472314215809,4,4,0.663977842700501,-1.194286341530471,3,1,0
7.139854044617392,5,5,0.8067998505241016,-0.4215277135459994,2,1,1
17.274200213760892,3,3,0.7369978979777336,-2.3613144670013524,14,0,1
7.814279670914026,10,6,0.388658727863862,-2.206016663279452,7,1,1
17.665654308036373,5,5,2.8349143196195983,-2.193413502985596,15,0,1
17.19259899381843,3,1,0.7851488005723044,-1.7696694394869854,14,1,1
3.0534746321384745,7,4,0.32571075482774203,-0.38495778676364356,3,1,0
5.369267048079093,6,2,3.337816859566785,-0.8352695935276397,16,1,1
3.0586995476028935,3,1,2.152777486737612,1.753014817367787,4,1,0
4.565987762666753,5,1,3.5604605452392373,2.1542779782399366,12,1,1
9.92274547594666,5,5,1.657791740141918,-2.359716840037388,10,0,1
15.96717968654403,5,5,2.3657206355960425,2.1498566430422885,4,1,1
5.884823997220403,9,1,0.74860877039572,-2.8042546715617185,1,0,1
8.523843950875511,9,4,0.7784770172982607,-0.655695346472255,11,0,1
16.76290294410579,0,2,3.750103947038332,1.4199404113127425,14,1,1
14.140376996063015,5,2,3.4802207724371312,1.070358878435444,5,0,1
15.587506315105678,8,2,2.023862252080012,-1.6658818847381132,11,0,1
15.915043220152727,5,2,3.4426075495504675,0.13093934969971333,10,0,0
13.244526034655598,4,1,1.863775803719939,-2.4392765239867327,7,0,1
5.055181742007086,1,4,3.195087316458514,2.671138566762039,12,1,1
17.494900414279517,5,5,1.545662247322325,-0.5620618089265244,8,0,1
4.134099786203885,9,6,2.8826714698405578,-2.708697436746821,15,1,1
3.309784094660703,6,4,0.05307416344350013,0.28686950834881575,7,1,0
2.9787480826551,4,5,3.619718067927261,0.3600239353735102,8,0,0
14.712836710747288,2,3,3.8319282144363984,0.5311540883601822,5,1,1
17.88581493765684,1,1,3.8772688130773467,-1.0879490776028058,3,0,1
6.676642763348051,3,5,1.693700926587339,-1.9653535242406157,12,0,1
14.060855740296718,5,6,2.5663893173794596,0.8613268017385147,12,1,1
8.568266245800809,8,2,0.48620304292364214,-2.3015828930055244,14,0,1
4.357644256267818,1,1,0.08920681959457433,0.657030734696586,12,0,0
15.312651827500416,5,6,3.3391939703197617,1.5708315297297144,8,1,1
2.9868847400495273,4,4,2.7738676238561086,2.6424082335731134,11,1,0
4.795189622734375,5,3,0.3626483540373533,1.0034689717994372,9,1,0
4.455309313730593,3,4,2.958040932628259,1.70182981288702,15,1,1
8.234016277728166,6,6,0.5661954039512933,1.2623258846297887,2,0,1
15.385500466095218,5,2,0.4077352215304342,-0.038563240386113584,8,0,1
13.242033701178434,5,3,2.2335684653146948,-2.813432268341664,5,0,1
10.700775916873726,2,1,0.6840434176729135,-0.44478863470113783,13,0,1
17.404085558789216,6,6,2.2809518583081925,-0.8040215502603849,8,0,1
15.1371555689123,4,5,0.817866880790302,2.5960914141630127,7,0,1
14.20896966020867,4,4,3.266981117890726,1.5680979372173542,14,1,1
17.45266448171148,2,4,1.3692291393100788,-0.35788935664048616,2,1,1
15.650325064937466,5,6,0.7906837474970758,0.2909015144947471,18,0,1
2.818106209707155,3,5,1.8594837206173747,2.7094818566392176,8,0,0
11.633629282037596,6,1,2.827491382173754,0.8137281883920289,3,0,1
2.44210932569489,6,3,2.3612480419630466,1.4580115111256884,16,1,0
10.160310075648507,7,2,0.017495929132037347,-1.356769081767774,8,1,1
3.7686618306677655,9,1,1.397940729232404,2.530364523186396,18,1,0
14.771538905408214,6,2,1.2536534594146804,-0.7164768306133977,1,1,1
11.570257045928527,8,2,2.751936086094679,-1.0631130137169402,13,1,1
9.241032054969322,7,6,3.16595352937903,-2.4030543980257644,14,0,1
3.405861294911084,6,3,2.120353987657696,1.987944427711498,8,0,0
12.947659374208408,4,1,3.2699930261026666,0.04670512170672625,15,0,1
16.239453899946902,5,3,3.5841134612999723,-0.512279625621133,3,0,1
4.788458856021771,2,6,0.4027744044152124,-0.4578410880021462,14,1,0
15.909441726517683,3,2,3.7256413111722395,1.1000176876812828,13,0,1
15.577158553312739,5,5,3.951971969786467,1.701336099854557,13,1,1
8.684985326424004,4,3,1.6036108903165043,1.5666635309115478,18,0,1
10.736393493132004,3,5,1.233420282529241,2.306979208763181,15,1,1
7.684275488917336,5,2,3.419280211968752,-0.7105536730468933,14,1,1
14.863096492416833,9,1,0.800266950470264,-2.4284852705740487,6,1,1
7.601676868553019,6,2,0.2922345841311258,-0.2264685429353972,18,0,1
17.12080885431366,10,5,1.65627447776177,-1.4778190200251353,6,1,1
7.499313474169888,7,6,0.6063516476092778,0.8829573667617443,18,1,1
14.97634702867563,6,5,3.137766168282916,1.0722794172921226,13,1,1
6.709147907699775,5,1,3.7998200373288165,1.8338215516495096,13,1,0
7.623066775530935,1,5,3.3536509246694832,2.1330670523190456,10,0,0
7.795653823018563,5,1,1.0962168297181911,-2.608843186891854,7,1,1
14.168929848318767,8,4,2.7775893099196534,1.6085192478462975,17,0,0
15.13797801788359,4,4,2.713440359131608,-1.2828825198951963,10,0,1
3.1834109963352955,9,1,0.8630999857707575,-2.7384304692444337,6,0,0
17.217795215620264,1,5,0.5779027863784214,-1.6021667275317655,17,1,1
5.51681139139078,4,2,0.7934258729973322,1.4915060820211972,6,1,0
3.569901982408199,6,5,1.8570656811437587,2.563049026415933,11,0,0
4.110877212060974,3,2,1.5284594580380744,0.566456302854438,1,1,1
2.2542942902400576,5,5,1.0109706749938123,-1.131566129730732,3,1,0
11.110922929517674,4,2,1.98670909431091,-0.5558711302233008,18,0,1
6.39123280327699,8,5,0.022376623527478046,-2.743300390516393,16,0,1
10.533409838281154,9,6,3.266302453437118,2.2110388241123466,8,0,1
12.594768197177164,7,2,0.7810933329886431,-2.7451274002091943,12,0,1
10.98585855666328,9,6,2.9310753399996092,0.5242464007548531,1,1,1
3.0868130298608794,9,4,2.809194478551563,2.801708354003086,7,1,0
4.586757368859384,5,4,2.6268908258269223,-0.38189283417832964,13,0,1
5.875770561212915,9,6,0.3733124810793056,-1.9640555934144615,8,1,0
16.18775027113447,7,5,3.03063046641189,0.38082284287711143,13,1,1
7.708740090478953,4,5,2.3384334382206333,2.932053258874765,4,1,1
12.059923613249136,11,4,0.024333243659837134,-0.17217358946095063,14,0,1
17.335205703239332,6,1,1.3478591513873193,-1.2251198234918417,3,1,1
13.069097378000812,3,4,1.6080338866034456,2.743901107743312,12,1,1
8.878124129997568,2,4,3.5355689501644196,0.6946578881859136,18,1,1
2.7680368420820685,5,6,1.1840982060824414,2.225350742806836,17,1,0
9.453940939141894,4,6,1.5171951706887499,1.6299896296362135,10,0,1
9.749486436353997,2,5,3.005487082142011,-0.7796517837230388,9,1,1
7.237011021275006,3,6,2.777423555981084,1.9933547010234332,4,1,1
17.264252865906993,7,4,0.40012668426861486,-1.4535596321308883,10,0,1
7.132230624347203,6,1,2.654227678234244,-2.091834291648339,8,1,1
11.428348179793387,4,5,3.3509550380710555,1.2462157772981026,16,0,1
15.978698490421301,4,5,2.879956924130897,-2.4901809754065045,8,0,1
16.470029338575884,7,1,0.29072926235925944,2.0202643235007702,2,1,1
13.28694696151282,5,3,2.7835534307142757,-1.4844294412851995,1,1,1
17.329395001398765,2,4,3.404367528928578,0.34331426958026334,2,0,1
7.723468239078841,7,2,2.092732270072864,2.394871730670099,9,1,1
14.97312860541042,8,4,1.605588465250777,0.3691475926388703,7,0,0
3.0922538536880158,7,6,2.3236555929851135,0.7535375008185161,18,1,0
6.622629052860988,6,3,2.465917434164978,-1.8809339249756414,11,1,0
2.796644051003346,2,6,3.1889583000912007,-1.1893246611823411,2,1,0
9.0018500598136,12,5,2.379873429365881,2.8436435014395434,18,0,1
